k,time,alloc
4,159.357625,200.18131269421428
8,291.31925,345.2105613667518
12,485.79725,546.1929220044985
16,754.264875,819.8848844319582
20,1167.46225,1184.3787221498787
