k,time,alloc
4,27.10925,33.93178216740489
8,46.041125,53.32643424067646
12,72.08475,78.79499446507543
16,108.0645,113.08157395385206
20,156.4455,158.42987768352032
