k,time,alloc
4,9.158,11.509258404374123
8,12.78,14.594584234058857
12,18.512,19.870495654642582
16,27.355,28.20531865954399
20,40.448,40.34969983994961
