k,time,alloc
4,42.18475,53.1410622978583
8,78.9545,90.58801934216172
12,127.423875,138.76679745595902
16,197.12725,206.41519736219198
20,288.673875,290.6377965398133
