k,time,alloc
4,28.432625,35.47382472641766
8,51.8735,60.13469822425395
12,85.83875,93.81986523792148
16,132.45925,138.8946815961972
20,197.27375,200.49867069069296
