k,time,alloc
4,8.919,11.396119572222233
8,11.435,13.501958027482033
12,15.118,16.61890548467636
16,19.96,20.808365553617477
20,25.898,26.17372700572014
